architecture,contamination_rate,precision_at_k,mean_score_selected,min_score_selected,coverage,gate_rejection_rate,k,n_test,contamination_rate_ci_lo,contamination_rate_ci_hi,precision_at_k_ci_lo,precision_at_k_ci_hi,coverage_ci_lo,coverage_ci_hi
Regression Only (Structured),0.30039525691699603,0.6996047430830039,16.786561264822133,0.0,0.4585492227979275,0.0,253,634,0.24110671936758893,0.35968379446640314,0.6403162055335968,0.758893280632411,0.4089561259307353,0.48285846747526806
Regression Only (Struct+Rubric),0.20948616600790515,0.7905138339920948,19.276679841897234,3.0,0.5181347150259067,0.0,253,634,0.16204959572269695,0.2591533180778032,0.7408466819221968,0.8379504042773032,0.46818931688174775,0.5418851823685982
Two-Stage (Structured),0.0,1.0,21.0,21.0,0.02072538860103627,0.9873817034700315,253,634,0.0,0.0,1.0,1.0,0.007915046521316485,0.035355255552803236
Two-Stage (Struct+Rubric),0.0,1.0,21.0,21.0,0.02072538860103627,0.9873817034700315,253,634,0.0,0.0,1.0,1.0,0.007915046521316485,0.035355255552803236
