attribute,n_groups,min_disparate_impact,passes_80pct_rule,demographic_parity_diff,equalized_odds_diff,accuracy_difference,accuracy_ratio
Gender,4,0.25,False,0.10407239819004525,,0.17420814479638008,0.6515837104072398
Age,3,0.7531531531531532,False,0.04463554463554463,,0.05110077813626873,0.8525465498357065
Citizenship,15,0.0,False,1.0,,1.0,0.0
SES_Value,2,0.921108823305117,True,7.192899169938816e-05,,0.02904492684821547,0.9196993198902278
First_Generation_Ind,2,0.9717370593839314,True,0.008392434988179667,,0.04842395587076437,0.8601661167368302
Disadvantaged_Ind,2,0.6716738197424893,False,0.07188498402555911,,0.16293929712460065,0.6741214057507987
